f1,f2,f3,f4,a1,a2,a3,a4,Kaibel Column (Configuration 21),Agrawal Column (Configuration 130),Configuration 63 (ABC Absent),Configuration 105 (BCD Absent),Sargent Column (Configuration 152),Unnamed: 13,Metric,Value (seconds)
10.64,25.0,52.5,11.86,15.625,6.25,2.5,1,0.0702151,0.0030784,0.0033866,0.0029032,0.0037261,,Total Time,169.4800000190735
16.73,36.23,35.06,11.98,3.025,2.75,2.5,1,0.0020888,0.0047732,0.0043767,0.005822,0.0384242,,Average Time,0.011028646239999999
30.0,61.64,3.55,4.81,6.875,2.75,1.1,1,0.0020179,0.0059726,0.0033554,0.004047,0.0036723,,Median Time,0.0037142499999999997
5.142,57.102,7.899,29.857,5.832,3.24,1.8,1,0.0022593,0.0036666,0.0054432,0.0079713,0.0103025,,Min Time,0.0017975
16.06,34.8,45.8,3.34,15.625,6.25,2.5,1,0.0023736,0.0032392,0.0036559,0.0035835,0.0036389,,Max Time,0.4143143
15.401,46.741,30.598,7.259,6.875,2.75,1.1,1,0.0020012,0.0029549,0.0040943,0.0031804,0.0039282,,,
31.27,36.55,5.7,26.48,15.625,6.25,2.5,1,0.0018909,0.0040594,0.0034646,0.0040228,0.0109773,,,
11.835,40.732,20.979,26.454,6.875,2.75,1.1,1,0.0019516,0.0030753,0.0033374,0.0031857,0.0042843,,,
24.472,6.728,36.41,32.389,3.025,2.75,1.1,1,0.0020683,0.0035296,0.0035906,0.003215,0.0042749,,,
8.487,9.81,14.79,66.914,5.832,3.24,1.8,1,0.0019757,0.0029802,0.0047807,0.0029505,0.0035309,,,
32.945,21.241,28.177,17.638,6.875,2.75,1.1,1,0.0020411,0.0031417,0.0046445,0.0032713,0.0039978,,,
25.81,20.038,15.424,38.728,3.025,1.21,1.1,1,0.0021915,0.0035016,0.0034599,0.0032882,0.0039295,,,
7.156,67.619,6.111,19.114,3.025,1.21,1.1,1,0.0020027,0.0042669,0.0101983,0.0057802,0.0120867,,,
27.915,12.497,30.599,28.989,6.875,2.75,1.1,1,0.0020788,0.0031384,0.0038303,0.0033989,0.0041244,,,
36.52,36.51,12.955,14.015,3.025,1.21,1.1,1,0.0021319,0.0048145,0.0056834,0.0113704,0.4143143,,,
28.612,8.448,17.23,45.71,1.331,1.21,1.1,1,0.0023951,0.0038373,0.0059818,0.003452,0.0037029,,,
45.623,33.658,10.145,10.574,3.025,2.75,2.5,1,0.0019835,0.0032071,0.0031422,0.0080802,0.0040107,,,
24.196,11.409,34.226,30.169,3.025,2.75,2.5,1,0.0020189,0.0052811,0.004246,0.0050434,0.013024,,,
5.447,23.936,46.986,23.631,15.625,6.25,2.5,1,0.002062,0.0028534,0.0036008,0.0027699,0.003562,,,
23.808,32.098,7.523,36.571,1.331,1.21,1.1,1,0.0020401,0.0038829,0.0031829,0.0042946,0.0041484,,,
32.046,11.011,23.487,33.456,6.875,2.75,2.5,1,0.0019555,0.0045071,0.0435046,0.0339538,0.2173236,,,
22.049,41.496,8.609,27.846,5.832,3.24,1.8,1,0.0019732,0.0034829,0.0033229,0.0092702,0.0117369,,,
9.369,7.041,36.228,47.362,6.875,6.25,2.5,1,0.0019581,0.0045202,0.0031445,0.0040195,0.0036302,,,
8.0,43.638,41.089,7.273,6.875,2.75,2.5,1,0.0019438,0.003869,0.0150201,0.0200814,0.1124308,,,
43.058,31.052,23.101,2.79,3.025,2.75,2.5,1,0.0020915,0.0071004,0.0036267,0.0073359,0.0037378,,,
13.287,63.806,6.229,16.678,5.832,3.24,1.8,1,0.0020459,0.0036034,0.0052086,0.0049512,0.0112618,,,
8.272,4.403,54.303,33.022,3.025,1.21,1.1,1,0.0021057,0.0041001,0.0032738,0.0035928,0.0065718,,,
35.608,36.057,9.311,19.024,6.875,2.75,2.5,1,0.0019086,0.004029,0.0149815,0.0477978,0.0141169,,,
26.155,10.001,31.067,32.777,3.025,1.21,1.1,1,0.0020172,0.0031762,0.0032929,0.0031442,0.0038714,,,
28.972,43.781,11.795,15.452,3.025,2.75,1.1,1,0.0020558,0.0033704,0.0040024,0.0087998,0.0038437,,,
2.212,67.489,26.318,3.981,15.625,6.25,2.5,1,0.0019996,0.0046928,0.0031957,0.002975,0.0107778,,,
33.65,47.5,10.79,8.06,5.832,3.24,1.8,1,0.0019821,0.0036287,0.0043081,0.0061466,0.0102456,,,
15.141,23.694,35.542,25.623,5.832,3.24,1.8,1,0.0020673,0.0039996,0.0048403,0.0029603,0.0034053,,,
32.948,38.728,6.358,21.965,6.875,2.75,2.5,1,0.0018864,0.0039611,0.0097745,0.0567032,0.2296173,,,
25.217,38.666,7.209,28.909,6.875,2.75,1.1,1,0.0022621,0.0033155,0.0033999,0.0033656,0.0036558,,,
5.23,45.45,41.54,7.78,15.625,6.25,2.5,1,0.0021298,0.0032043,0.0037116,0.0030962,0.0035822,,,
82.111,3.77,2.933,11.186,15.625,6.25,2.5,1,0.0019104,0.0028665,0.0030108,0.0041282,0.0036511,,,
4.08,15.184,35.2,45.536,3.025,2.75,2.5,1,0.0019799,0.0038264,0.0146303,0.0054301,0.0915642,,,
19.728,34.36,5.739,40.173,5.832,3.24,1.8,1,0.0021654,0.0044638,0.0044687,0.0067659,0.0144339,,,
3.125,29.911,33.036,33.929,5.832,3.24,1.8,1,0.0019435,0.0032658,0.0047325,0.0033709,0.0037381,,,
34.8,25.07,10.79,29.34,6.875,2.75,1.1,1,0.0021516,0.0034859,0.0032645,0.0046663,0.0043279,,,
10.776,29.732,55.182,4.31,3.025,1.21,1.1,1,0.0018778,0.0041265,0.0056531,0.0074579,0.0916965,,,
16.995,55.451,18.182,9.372,6.875,6.25,2.5,1,0.0019628,0.003019,0.0073448,0.0063695,0.0039559,,,
33.971,59.147,3.441,3.441,3.025,2.75,1.1,1,0.0020687,0.0033011,0.0064463,0.0125943,0.0042287,,,
18.321,22.586,27.004,32.089,6.875,6.25,2.5,1,0.0022006,0.0035236,0.0041035,0.0041188,0.0039257,,,
11.907,36.183,14.353,37.558,3.025,2.75,2.5,1,0.0022505,0.0054502,0.004597,0.0056706,0.0116995,,,
9.069,31.726,24.56,34.645,5.832,3.24,1.8,1,0.0018906,0.0045329,0.0046315,0.0030297,0.0034208,,,
8.282,42.467,6.784,42.467,6.875,2.75,2.5,1,0.0019234,0.0044923,0.0174007,0.0545378,0.232197,,,
20.352,27.166,27.166,25.316,6.875,2.75,2.5,1,0.0020509,0.0043458,0.0438258,0.0524431,0.0137357,,,
24.639,25.162,37.713,12.486,6.875,2.75,2.5,1,0.0021507,0.0042418,0.0442804,0.0237689,0.3082135,,,
39.674,4.148,4.311,51.866,6.875,6.25,2.5,1,0.0020999,0.0030149,0.0036229,0.00395,0.0043897,,,
16.06,59.84,5.7,18.4,3.025,1.21,1.1,1,0.0019381,0.0042841,0.011328,0.0053846,0.0118912,,,
30.188,40.44,25.955,3.417,6.875,6.25,2.5,1,0.0019999,0.0031143,0.0033166,0.0057663,0.0036184,,,
10.79,55.0,12.5,21.71,6.875,2.75,1.1,1,0.0020161,0.0031052,0.003332,0.0036926,0.0055899,,,
69.53,10.64,11.12,8.71,6.875,2.75,2.5,1,0.0019664,0.0102033,0.0133817,0.0679969,0.0139903,,,
22.401,27.589,3.512,46.498,15.625,6.25,2.5,1,0.0019528,0.0040462,0.003394,0.0040736,0.0100816,,,
21.76,32.26,6.074,39.907,5.832,3.24,1.8,1,0.0022228,0.0032505,0.0045219,0.0039172,0.0122088,,,
21.969,31.096,18.474,28.46,1.331,1.21,1.1,1,0.0019343,0.0039578,0.0046638,0.0043208,0.0132927,,,
38.544,6.586,33.24,21.63,5.832,3.24,1.8,1,0.0020336,0.0252613,0.0043117,0.0031596,0.0036121,,,
11.565,21.342,36.715,30.377,6.875,2.75,1.1,1,0.0021854,0.0031336,0.0043558,0.0032298,0.0046409,,,
15.0,52.5,7.5,25.0,3.025,1.21,1.1,1,0.0019898,0.0095481,0.008601,0.0112092,0.0835243,,,
26.102,17.829,37.946,18.123,6.875,2.75,1.1,1,0.0019995,0.0046378,0.0035838,0.0030508,0.0042264,,,
32.699,34.643,22.939,9.719,3.025,1.21,1.1,1,0.0020964,0.0042047,0.0059451,0.0060875,0.0106714,,,
12.365,22.898,10.183,54.553,6.875,2.75,1.1,1,0.0025274,0.0032382,0.0034806,0.003339,0.0048341,,,
55.0,6.85,17.38,20.77,6.875,6.25,2.5,1,0.0020773,0.0029177,0.003278,0.003428,0.0066779,,,
37.043,18.091,26.981,17.884,1.331,1.21,1.1,1,0.0020036,0.0061904,0.0058594,0.0041543,0.0041865,,,
5.7,26.1,16.06,52.14,3.025,2.75,1.1,1,0.0019272,0.0035547,0.0035503,0.0032629,0.0040867,,,
27.254,14.33,45.482,12.934,3.025,2.75,1.1,1,0.0019236,0.0041435,0.0035104,0.0031856,0.0045299,,,
25.724,33.211,16.378,24.687,6.875,2.75,2.5,1,0.001854,0.0037328,0.02946,0.0919255,0.2171828,,,
8.568,44.975,25.045,21.412,6.875,6.25,2.5,1,0.0021442,0.0031778,0.0075774,0.0040495,0.0039605,,,
27.026,22.71,30.945,19.319,6.875,2.75,1.1,1,0.0020543,0.0033905,0.0036048,0.0032678,0.0042238,,,
69.53,22.14,5.7,2.63,3.025,1.21,1.1,1,0.0020145,0.003896,0.0053186,0.0213092,0.3460118,,,
22.24,5.0,62.18,10.58,6.875,2.75,1.1,1,0.001871,0.0027858,0.0033435,0.0034639,0.0050473,,,
45.411,24.834,22.177,7.578,6.875,6.25,2.5,1,0.0020539,0.0029175,0.0033191,0.0048524,0.0042967,,,
23.679,34.334,28.329,13.658,3.025,2.75,1.1,1,0.0020757,0.026156,0.0045355,0.0095877,0.0058715,,,
18.426,40.009,20.004,21.561,1.331,1.21,1.1,1,0.0019768,0.0040011,0.0047239,0.007859,0.0113049,,,
27.5,16.06,22.14,34.3,1.331,1.21,1.1,1,0.0019782,0.0039683,0.0054427,0.0060158,0.0038946,,,
40.151,15.269,30.537,14.043,3.025,2.75,1.1,1,0.0019735,0.0038017,0.0035371,0.0060446,0.0046562,,,
23.419,21.511,31.798,23.273,3.025,1.21,1.1,1,0.0020361,0.0035238,0.0033619,0.0033007,0.0041833,,,
25.49,5.23,56.76,12.52,6.875,2.75,2.5,1,0.0020914,0.0044153,0.0317673,0.0089336,0.2096572,,,
13.4,41.365,37.425,7.811,3.025,2.75,1.1,1,0.0019971,0.0040518,0.0040111,0.0095507,0.0043341,,,
27.894,24.469,11.393,36.245,3.025,2.75,1.1,1,0.0018688,0.0036102,0.003207,0.0049513,0.0039331,,,
19.479,22.596,3.221,54.704,3.025,2.75,2.5,1,0.0021559,0.0031922,0.0031767,0.009544,0.0039467,,,
5.1,31.58,56.76,6.56,6.875,2.75,2.5,1,0.0019406,0.0039775,0.0141593,0.0289616,0.053487,,,
26.545,28.888,28.888,15.679,15.625,6.25,2.5,1,0.0025028,0.0063759,0.0036671,0.004748,0.004239,,,
25.49,5.7,26.35,42.46,3.025,2.75,1.1,1,0.0039606,0.0041036,0.003726,0.0031458,0.0038319,,,
26.399,24.795,24.314,24.491,6.875,6.25,2.5,1,0.0022575,0.0031919,0.003862,0.0045312,0.0040719,,,
5.749,16.828,32.854,44.569,6.875,6.25,2.5,1,0.0019592,0.0031473,0.0033782,0.0043363,0.0038057,,,
13.832,42.006,39.716,4.446,3.025,2.75,2.5,1,0.0020202,0.0047981,0.0060842,0.0103614,0.013104,,,
24.659,22.36,23.235,29.745,3.025,1.21,1.1,1,0.0020797,0.0036308,0.003434,0.0035179,0.0040229,,,
20.601,30.599,19.042,29.758,3.025,2.75,1.1,1,0.0019859,0.0048765,0.0041934,0.0088884,0.0045663,,,
49.78,20.72,3.55,25.95,6.875,2.75,2.5,1,0.0022724,0.0052734,0.0054162,0.0560986,0.2512245,,,
24.303,20.954,2.505,52.238,3.025,2.75,1.1,1,0.0019047,0.0036089,0.0035802,0.0031554,0.0200248,,,
41.69,19.382,19.382,19.545,1.331,1.21,1.1,1,0.0029338,0.0041919,0.0127504,0.0063465,0.0039536,,,
28.107,13.816,29.474,28.604,1.331,1.21,1.1,1,0.0020442,0.004034,0.0058474,0.0033421,0.0038818,,,
45.8,3.55,48.04,2.61,1.331,1.21,1.1,1,0.0019792,0.0037474,0.0033912,0.0033435,0.0042228,,,
18.601,20.387,44.357,16.655,3.025,2.75,1.1,1,0.0018854,0.0038093,0.0034641,0.0029701,0.0037755,,,
37.456,9.41,16.437,36.696,3.025,1.21,1.1,1,0.0018772,0.0185712,0.0035798,0.0033998,0.0035541,,,
24.924,21.259,26.024,27.792,1.331,1.21,1.1,1,0.0018892,0.0039782,0.0055754,0.0043278,0.0037104,,,
37.914,39.935,14.767,7.384,5.832,3.24,1.8,1,0.0021278,0.0035475,0.0034933,0.005669,0.0108825,,,
3.682,51.219,43.054,2.045,6.875,2.75,1.1,1,0.0019995,0.002901,0.0038701,0.0033646,0.0040413,,,
3.127,67.06,13.899,15.914,6.875,2.75,2.5,1,0.0018166,0.003984,0.0300235,0.0331238,0.013305,,,
44.77,21.217,29.921,4.092,6.875,2.75,1.1,1,0.0020357,0.0031958,0.0034794,0.0031227,0.0045988,,,
15.73,25.393,34.858,24.02,3.025,1.21,1.1,1,0.0020896,0.0035453,0.0034071,0.0033209,0.0040371,,,
32.26,14.127,21.303,32.31,6.875,2.75,2.5,1,0.0019766,0.0042698,0.0280285,0.0369362,0.2683932,,,
33.202,4.873,32.424,29.501,5.832,3.24,1.8,1,0.0019525,0.0035579,0.0042224,0.0029203,0.0034152,,,
40.526,22.23,13.347,23.897,6.875,6.25,2.5,1,0.0021293,0.002993,0.0035275,0.0042802,0.0037332,,,
11.48,52.5,23.72,12.3,3.025,1.21,1.1,1,0.0021469,0.0052784,0.0056121,0.0139208,0.0501261,,,
21.792,29.457,18.21,30.541,6.875,2.75,1.1,1,0.0020602,0.003103,0.0032488,0.0030893,0.0041609,,,
8.069,26.877,29.249,35.805,6.875,2.75,1.1,1,0.0018853,0.0028563,0.0036019,0.0033079,0.0038382,,,
30.085,46.938,16.477,6.5,15.625,6.25,2.5,1,0.0019468,0.0037668,0.0031797,0.0078454,0.012448,,,
41.04,8.453,44.895,5.612,5.832,3.24,1.8,1,0.0020245,0.0041407,0.0032579,0.0031517,0.003929,,,
34.8,20.72,11.12,33.36,15.625,6.25,2.5,1,0.0021312,0.0042046,0.0031707,0.0040583,0.0034569,,,
2.687,10.837,39.758,46.718,3.025,2.75,2.5,1,0.0019313,0.0042627,0.0189437,0.0135046,0.0781183,,,
17.538,36.221,39.555,6.685,6.875,6.25,2.5,1,0.0021585,0.0032243,0.0037662,0.0038013,0.0036365,,,
4.087,27.469,49.685,18.759,15.625,6.25,2.5,1,0.0023409,0.0030446,0.0035778,0.002833,0.003772,,,
19.7,7.5,31.27,41.53,5.832,3.24,1.8,1,0.0022224,0.003218,0.0046499,0.0027851,0.0035264,,,
36.366,15.757,24.916,22.962,3.025,1.21,1.1,1,0.0020616,0.0031464,0.0031402,0.0033562,0.0043025,,,
57.586,2.728,13.639,26.047,5.832,3.24,1.8,1,0.0018756,0.0028837,0.0040035,0.0041887,0.0038676,,,
20.72,10.64,47.5,21.14,5.832,3.24,1.8,1,0.0019234,0.0040403,0.0049304,0.002906,0.003431,,,
22.55,31.27,22.5,23.68,1.331,1.21,1.1,1,0.0019164,0.0037356,0.0048026,0.0044498,0.0109026,,,
31.15,14.73,23.106,31.014,6.875,2.75,2.5,1,0.0022124,0.0040845,0.0186237,0.0341021,0.1696924,,,
34.8,25.25,31.27,8.68,3.025,2.75,1.1,1,0.0019667,0.0039184,0.0034588,0.0075503,0.0039325,,,
19.732,12.857,31.5,35.91,3.025,2.75,2.5,1,0.0019199,0.0047857,0.0051486,0.0112191,0.1230575,,,
21.294,26.641,31.788,20.276,6.875,6.25,2.5,1,0.0021629,0.0035881,0.00389,0.0042556,0.0045166,,,
30.504,30.06,10.763,28.673,3.025,1.21,1.1,1,0.0020493,0.0032111,0.003749,0.0047854,0.0873779,,,
30.915,26.634,27.585,14.866,6.875,2.75,2.5,1,0.0019231,0.0039401,0.0444965,0.0184196,0.0137595,,,
39.93,26.534,30.741,2.795,1.331,1.21,1.1,1,0.0019288,0.003846,0.0033788,0.003901,0.0038576,,,
8.689,12.165,16.586,62.561,5.832,3.24,1.8,1,0.0020478,0.0030086,0.0048783,0.0029978,0.0035045,,,
13.541,50.796,13.031,22.633,5.832,3.24,1.8,1,0.0020922,0.0033243,0.0032553,0.0052521,0.0108837,,,
40.0,6.96,11.48,41.56,6.875,2.75,1.1,1,0.0019299,0.0027549,0.0033933,0.0031349,0.0050869,,,
13.105,37.744,11.407,37.744,3.025,2.75,2.5,1,0.002138,0.0033925,0.004386,0.0053197,0.1047278,,,
41.54,25.0,27.5,5.96,3.025,2.75,1.1,1,0.0020158,0.0041501,0.0037062,0.0079217,0.0043915,,,
31.263,5.816,55.255,7.666,5.832,3.24,1.8,1,0.0021029,0.0040586,0.0032491,0.0029935,0.0034655,,,
23.72,48.04,6.85,21.39,15.625,6.25,2.5,1,0.0020769,0.0032616,0.0042849,0.0062807,0.0115676,,,
10.848,19.844,21.887,47.421,6.875,6.25,2.5,1,0.0018668,0.0029259,0.003585,0.004004,0.0038456,,,
36.235,14.883,14.918,33.964,6.875,2.75,2.5,1,0.0017975,0.0036701,0.0147278,0.0400077,0.0146476,,,
20.65,24.471,5.946,48.932,5.832,3.24,1.8,1,0.0020637,0.0046483,0.0048312,0.0048397,0.0035075,,,
5.307,27.422,33.631,33.64,6.875,2.75,2.5,1,0.0019069,0.003765,0.020825,0.0426777,0.0140719,,,
5.23,27.31,62.5,4.96,1.331,1.21,1.1,1,0.0019324,0.0031392,0.0049282,0.0081999,0.0111473,,,
34.861,12.173,38.293,14.673,6.875,2.75,2.5,1,0.0019913,0.0041824,0.0449642,0.0229718,0.2411219,,,
37.466,17.756,6.529,38.249,6.875,2.75,2.5,1,0.001887,0.0044096,0.0096949,0.0535418,0.2266716,,,
11.664,25.489,34.722,28.124,6.875,2.75,2.5,1,0.0019673,0.0056582,0.0176596,0.021537,0.1525997,,,
28.446,35.637,22.947,12.97,1.331,1.21,1.1,1,0.0022033,0.0049581,0.0098659,0.0043852,0.0042106,,,
21.37,5.23,70.99,2.41,3.025,2.75,1.1,1,0.0019975,0.0030985,0.003621,0.0033126,0.0042574,,,
49.37,37.5,5.23,7.9,15.625,6.25,2.5,1,0.0020611,0.0033876,0.0035455,0.0051806,0.0080209,,,
37.434,24.997,19.748,17.822,6.875,6.25,2.5,1,0.0021804,0.0030773,0.0032932,0.0040358,0.0036864,,,
21.42,36.23,34.1,8.25,1.331,1.21,1.1,1,0.0019515,0.0041466,0.0059334,0.0044474,0.0121156,,,
21.93,37.232,3.411,37.427,6.875,6.25,2.5,1,0.0020258,0.0027442,0.0037704,0.0041126,0.0037721,,,
7.081,44.871,27.856,20.192,6.875,2.75,1.1,1,0.0020156,0.0031813,0.0035776,0.0031517,0.0042897,,,
9.211,8.508,62.429,19.852,3.025,1.21,1.1,1,0.0019186,0.0051215,0.0040022,0.0029727,0.0042064,,,
70.0,5.1,5.1,19.8,3.025,2.75,1.1,1,0.0020586,0.0028584,0.0032694,0.0036854,0.0047507,,,
36.573,4.638,11.023,47.766,6.875,6.25,2.5,1,0.0021879,0.0030763,0.0034222,0.0036123,0.0039769,,,
19.896,23.079,32.629,24.397,15.625,6.25,2.5,1,0.0019013,0.0037073,0.0031327,0.0028259,0.0034456,,,
25.458,13.672,32.061,28.808,6.875,6.25,2.5,1,0.0021269,0.0035919,0.003221,0.0039493,0.0035668,,,
44.851,13.384,27.127,14.639,5.832,3.24,1.8,1,0.0019776,0.0041278,0.003405,0.0061249,0.0035496,,,
35.77,23.943,33.966,6.32,3.025,2.75,1.1,1,0.0020372,0.0039664,0.0036461,0.0082681,0.0041961,,,
62.18,17.5,10.79,9.53,3.025,2.75,2.5,1,0.0021334,0.0032789,0.0034858,0.0083418,0.004059,,,
10.3,7.5,21.75,60.45,1.331,1.21,1.1,1,0.001995,0.0028201,0.0055576,0.0032751,0.0036643,,,
50.615,18.145,25.51,5.73,1.331,1.21,1.1,1,0.0018944,0.0038229,0.0048006,0.0096875,0.0041274,,,
35.595,16.269,32.64,15.497,15.625,6.25,2.5,1,0.0019447,0.0046959,0.003313,0.0029377,0.0035545,,,
26.769,25.604,24.126,23.5,15.625,6.25,2.5,1,0.0018728,0.0036614,0.0034469,0.0032286,0.0037901,,,
36.776,11.816,48.511,2.896,3.025,2.75,1.1,1,0.0020141,0.0040041,0.0035075,0.0031435,0.0041798,,,
23.907,35.465,20.735,19.892,6.875,2.75,1.1,1,0.0020794,0.002697,0.0031882,0.0036254,0.0047423,,,
16.781,35.24,3.745,44.234,5.832,3.24,1.8,1,0.0020696,0.003372,0.0043769,0.0097506,0.0312828,,,
26.664,11.876,26.084,35.377,3.025,1.21,1.1,1,0.0020211,0.0033116,0.0033901,0.0030576,0.0038866,,,
14.874,9.139,68.551,7.437,3.025,1.21,1.1,1,0.002119,0.0043592,0.0034037,0.0033941,0.0041385,,,
51.921,2.384,34.437,11.258,5.832,3.24,1.8,1,0.0018514,0.0027694,0.0033273,0.0028299,0.0034243,,,
40.532,18.858,15.625,24.986,6.875,2.75,2.5,1,0.0018643,0.0269523,0.0151215,0.0556022,0.0149381,,,
47.529,19.011,18.378,15.082,3.025,2.75,2.5,1,0.0019717,0.0032956,0.0033265,0.007311,0.0041041,,,
40.861,38.783,15.236,5.119,3.025,2.75,2.5,1,0.0019706,0.0034907,0.0034186,0.0097752,0.0042064,,,
29.279,30.847,15.823,24.051,3.025,2.75,1.1,1,0.002015,0.0040554,0.004311,0.009801,0.0041309,,,
34.361,5.506,32.214,27.919,6.875,2.75,1.1,1,0.0020994,0.0030751,0.003266,0.0031511,0.0041617,,,
46.546,10.755,2.456,40.243,5.832,3.24,1.8,1,0.0020533,0.0033786,0.0029061,0.0041683,0.00357,,,
70.574,10.704,11.233,7.489,3.025,1.21,1.1,1,0.0019723,0.0030172,0.0032862,0.003216,0.0037877,,,
21.061,25.968,3.191,49.78,3.025,2.75,2.5,1,0.0019337,0.0033197,0.0036106,0.006051,0.0037916,,,
19.903,33.243,30.489,16.364,6.875,6.25,2.5,1,0.0020688,0.00304,0.0037682,0.0046529,0.0039007,,,
25.503,26.65,25.295,22.552,5.832,3.24,1.8,1,0.0020074,0.0092352,0.0047088,0.0038535,0.003486,,,
3.827,10.219,62.194,23.76,3.025,2.75,2.5,1,0.0020764,0.0044767,0.0147773,0.0145236,0.0462702,,,
44.246,7.606,27.782,20.365,3.025,2.75,1.1,1,0.0019207,0.0036265,0.0037385,0.0046322,0.0044958,,,
5.0,5.7,25.25,64.05,3.025,2.75,1.1,1,0.0021211,0.0031685,0.0035393,0.0032532,0.004038,,,
3.099,28.826,30.398,37.677,1.331,1.21,1.1,1,0.001911,0.0038028,0.0214855,0.0042257,0.0038951,,,
29.43,22.55,11.12,36.9,1.331,1.21,1.1,1,0.0020872,0.0043221,0.0114842,0.0043562,0.0036002,,,
43.283,31.867,13.984,10.867,15.625,6.25,2.5,1,0.0019356,0.0041192,0.0032643,0.0048208,0.003415,,,
8.863,43.03,24.376,23.731,5.832,3.24,1.8,1,0.0018533,0.0041131,0.0046144,0.0096972,0.0035863,,,
29.705,23.992,32.759,13.543,6.875,2.75,2.5,1,0.0019189,0.0040464,0.0488804,0.0303183,0.2954467,,,
10.905,24.654,29.869,34.572,1.331,1.21,1.1,1,0.0020282,0.00411,0.005272,0.0070512,0.0040654,,,
6.805,30.225,29.942,33.028,6.875,2.75,2.5,1,0.0019145,0.0042513,0.052212,0.0209228,0.0115086,,,
15.489,26.553,30.426,27.531,6.875,6.25,2.5,1,0.0019213,0.0032754,0.0038961,0.0042227,0.0037751,,,
36.476,10.398,9.767,43.359,6.875,2.75,1.1,1,0.001924,0.0027438,0.0034241,0.0032706,0.0045096,,,
25.295,22.399,21.47,30.837,5.832,3.24,1.8,1,0.0019727,0.0086075,0.0047645,0.0080983,0.0036211,,,
9.793,30.088,30.088,30.031,3.025,1.21,1.1,1,0.0020328,0.0036709,0.0033254,0.0036573,0.0041388,,,
12.304,33.798,20.384,33.514,6.875,6.25,2.5,1,0.0022086,0.0032011,0.0039663,0.0040532,0.0038372,,,
7.508,52.557,30.281,9.653,6.875,2.75,2.5,1,0.0018795,0.0037698,0.0164856,0.0206271,0.292089,,,
38.72,4.596,27.065,29.618,6.875,2.75,2.5,1,0.001866,0.0049244,0.0504068,0.0149681,0.2582931,,,
28.062,14.675,17.191,40.072,6.875,2.75,2.5,1,0.0018737,0.0048212,0.0400847,0.020125,0.1105199,,,
22.617,10.182,2.376,64.825,3.025,2.75,1.1,1,0.0018697,0.0031948,0.0039722,0.0032635,0.0051325,,,
12.872,26.7,40.051,20.377,6.875,2.75,1.1,1,0.0019008,0.0027945,0.0037205,0.0034256,0.0043415,,,
20.65,13.141,20.65,45.558,6.875,6.25,2.5,1,0.0020399,0.0032433,0.0182519,0.0041076,0.0037385,,,
43.404,22.96,6.676,26.96,3.025,2.75,2.5,1,0.0020203,0.0029922,0.0033314,0.0066252,0.0037924,,,
19.581,22.81,18.93,38.678,3.025,2.75,1.1,1,0.0019255,0.0038159,0.0036073,0.0029779,0.0038218,,,
18.552,26.859,39.353,15.236,6.875,2.75,1.1,1,0.0019523,0.0026289,0.0033421,0.0031993,0.0040713,,,
9.371,37.3,37.341,15.988,1.331,1.21,1.1,1,0.001861,0.0038138,0.0063077,0.0080186,0.0129915,,,
8.402,24.589,50.891,16.118,1.331,1.21,1.1,1,0.0021528,0.0041433,0.0097845,0.0058418,0.0039144,,,
15.931,22.447,59.377,2.245,1.331,1.21,1.1,1,0.0019467,0.0040294,0.0034714,0.0060109,0.0127846,,,
24.992,21.545,11.171,42.292,6.875,6.25,2.5,1,0.0019397,0.0029832,0.0038163,0.0045238,0.0036736,,,
58.06,10.64,27.5,3.8,6.875,2.75,2.5,1,0.0019825,0.003916,0.0398685,0.0173295,0.2113438,,,
17.02,29.501,19.512,33.967,3.025,2.75,2.5,1,0.0022589,0.003217,0.0042785,0.0059905,0.2333191,,,
32.101,31.466,31.839,4.594,15.625,6.25,2.5,1,0.0018361,0.003812,0.003171,0.002826,0.0036269,,,
38.517,33.001,17.883,10.599,6.875,6.25,2.5,1,0.0019194,0.0027163,0.0037962,0.0048542,0.0040179,,,
50.0,23.72,22.5,3.78,15.625,6.25,2.5,1,0.0020287,0.0041566,0.0033722,0.0039369,0.0034831,,,
41.474,14.517,6.601,37.408,6.875,2.75,2.5,1,0.0020479,0.0057232,0.0050033,0.075516,0.1905924,,,
33.403,11.582,23.771,31.243,6.875,2.75,2.5,1,0.001887,0.0043243,0.0540239,0.0328183,0.1895269,,,
15.258,44.307,4.063,36.372,6.875,2.75,2.5,1,0.001902,0.0047021,0.0120748,0.0563554,0.2144322,,,
13.035,17.443,27.809,41.713,5.832,3.24,1.8,1,0.0019108,0.0041179,0.0045157,0.0028778,0.0032566,,,
2.674,27.281,3.208,66.838,15.625,6.25,2.5,1,0.0020189,0.0030165,0.0040149,0.0038694,0.0035658,,,
32.583,23.569,20.889,22.959,6.875,2.75,2.5,1,0.0019324,0.0040884,0.0367279,0.0203418,0.0139967,,,
22.052,14.493,20.354,43.102,15.625,6.25,2.5,1,0.0019302,0.0039327,0.0040011,0.0027431,0.0032602,,,
18.612,38.964,18.612,23.812,6.875,2.75,2.5,1,0.0018654,0.003747,0.0322013,0.045975,0.2893454,,,
4.669,47.953,38.038,9.339,3.025,1.21,1.1,1,0.0021235,0.0051674,0.0061563,0.0090681,0.0144028,,,
45.626,9.358,18.269,26.746,6.875,2.75,2.5,1,0.0019031,0.004119,0.0508861,0.023785,0.1727013,,,
27.31,11.12,22.55,39.02,5.832,3.24,1.8,1,0.0019506,0.0048182,0.0040656,0.002755,0.0034462,,,
8.448,48.6,5.061,37.891,3.025,2.75,2.5,1,0.0019632,0.0031695,0.0079025,0.0053995,0.1090778,,,
33.125,30.983,10.995,24.897,15.625,6.25,2.5,1,0.0021765,0.0040773,0.0032753,0.0059915,0.0035376,,,
57.5,22.24,8.34,11.92,3.025,1.21,1.1,1,0.0019938,0.004134,0.0055604,0.011327,0.0802216,,,
19.305,3.089,2.317,75.29,6.875,2.75,1.1,1,0.001917,0.0038046,0.0040496,0.0031346,0.0048982,,,
3.488,74.025,19.774,2.713,6.875,6.25,2.5,1,0.0020154,0.0029716,0.0059085,0.0033689,0.022932,,,
52.031,21.295,23.536,3.138,1.331,1.21,1.1,1,0.0022176,0.0043283,0.0039202,0.0101224,0.0042267,,,
5.0,25.07,29.5,40.43,1.331,1.21,1.1,1,0.0020601,0.004098,0.0068342,0.0033434,0.004165,,,
29.663,27.012,11.315,32.01,1.331,1.21,1.1,1,0.0020307,0.0038454,0.0043479,0.0041975,0.0039235,,,
36.297,3.447,16.218,44.038,6.875,2.75,2.5,1,0.0018539,0.0038568,0.0540073,0.0143578,0.2611986,,,
41.883,13.193,25.773,19.15,6.875,6.25,2.5,1,0.0021314,0.0031128,0.0033194,0.0041534,0.0040321,,,
2.69,33.356,32.211,31.742,3.025,2.75,2.5,1,0.0019857,0.0036793,0.0053177,0.005109,0.1455476,,,
38.919,13.138,21.1,26.843,6.875,2.75,2.5,1,0.0018596,0.0038966,0.0163735,0.045065,0.2515639,,,
15.385,21.154,49.038,14.423,6.875,2.75,2.5,1,0.0018733,0.0041328,0.0434582,0.020235,0.2410617,,,
19.797,12.099,28.511,39.593,5.832,3.24,1.8,1,0.0021987,0.0056837,0.0048197,0.002879,0.0035281,,,
26.906,33.745,8.023,31.326,3.025,1.21,1.1,1,0.0019886,0.0044632,0.0107118,0.0048036,0.0994172,,,
12.427,20.075,40.731,26.767,6.875,2.75,2.5,1,0.0020739,0.0037298,0.0747816,0.0337891,0.3066688,,,
20.0,5.7,27.5,46.8,3.025,2.75,1.1,1,0.0019446,0.0028181,0.0035364,0.0032547,0.0044994,,,
31.233,18.462,26.745,23.56,1.331,1.21,1.1,1,0.0023028,0.0044864,0.0056758,0.0046092,0.0040944,,,
51.5,10.64,5.1,32.76,6.875,2.75,1.1,1,0.0019388,0.0027825,0.0031995,0.0029768,0.0040285,,,
23.96,34.258,12.523,29.259,6.875,6.25,2.5,1,0.0018557,0.0029035,0.0043458,0.0044332,0.0039831,,,
40.193,46.822,6.184,6.802,3.025,2.75,2.5,1,0.0019012,0.003999,0.0031309,0.0068078,0.0040049,,,
5.7,26.1,7.5,60.7,3.025,2.75,2.5,1,0.0035213,0.0055551,0.0043979,0.0051007,0.0137355,,,
15.539,15.068,15.502,53.891,6.875,2.75,2.5,1,0.0019943,0.021697,0.0315182,0.0268454,0.0117142,,,
11.48,25.49,10.3,52.73,6.875,2.75,1.1,1,0.0018623,0.00286,0.0034211,0.0031607,0.004312,,,
28.185,31.207,10.196,30.412,15.625,6.25,2.5,1,0.0018734,0.00396,0.0030327,0.0047091,0.0035559,,,
2.702,38.513,33.796,24.989,6.875,6.25,2.5,1,0.0022625,0.00332,0.0073204,0.0032895,0.0039266,,,
20.483,17.752,2.731,59.034,5.832,3.24,1.8,1,0.0021228,0.0033349,0.0047968,0.0043124,0.0035495,,,
17.905,33.592,14.912,33.592,5.832,3.24,1.8,1,0.0019601,0.0038613,0.0046458,0.0051738,0.0033904,,,
33.637,34.104,9.284,22.974,3.025,2.75,2.5,1,0.0021079,0.0031855,0.0164863,0.0098467,0.0039031,,,
16.73,47.5,31.58,4.19,6.875,2.75,2.5,1,0.0040973,0.0038265,0.0323505,0.0209941,0.0878316,,,
43.634,2.567,24.384,29.415,6.875,2.75,1.1,1,0.0020065,0.0028119,0.0033852,0.0033474,0.0041343,,,
26.65,35.361,8.015,29.974,6.875,2.75,2.5,1,0.0019851,0.0038715,0.0338248,0.0484478,0.2109529,,,
20.72,26.1,25.49,27.69,1.331,1.21,1.1,1,0.0018724,0.003742,0.0049066,0.0045577,0.0037237,,,
24.847,27.423,6.623,41.107,15.625,6.25,2.5,1,0.0020725,0.004115,0.0032939,0.0040257,0.0037116,,,
37.5,10.64,5.7,46.16,5.832,3.24,1.8,1,0.002179,0.0044795,0.0044952,0.0040638,0.0033903,,,
26.234,42.58,28.787,2.399,5.832,3.24,1.8,1,0.0020667,0.0037129,0.0038328,0.0058324,0.012597,,,
16.863,30.576,16.127,36.434,6.875,2.75,1.1,1,0.0019943,0.0035825,0.0036799,0.0033186,0.0041975,,,
27.928,31.914,13.384,26.774,6.875,2.75,1.1,1,0.0019941,0.0033959,0.0033039,0.00316,0.0039617,,,
10.3,52.5,35.0,2.2,1.331,1.21,1.1,1,0.002039,0.0069126,0.0050705,0.007483,0.0124096,,,
16.06,22.55,25.0,36.39,6.875,2.75,2.5,1,0.0018843,0.0043468,0.0589336,0.0200186,0.0110733,,,
23.578,26.056,23.578,26.788,5.832,3.24,1.8,1,0.002247,0.0082636,0.0049362,0.0038023,0.0034643,,,
62.377,10.39,23.455,3.778,15.625,6.25,2.5,1,0.0022832,0.0043539,0.0037418,0.0039781,0.0037806,,,
29.5,33.65,23.72,13.13,3.025,2.75,2.5,1,0.0021665,0.0031822,0.0034723,0.0092452,0.0039913,,,
24.235,15.153,53.036,7.577,5.832,3.24,1.8,1,0.0019284,0.0043513,0.0031683,0.0027445,0.0186522,,,
17.5,27.5,29.43,25.57,3.025,2.75,2.5,1,0.0019958,0.0061968,0.0042421,0.0057457,0.0330533,,,
29.329,15.649,34.797,20.226,3.025,2.75,1.1,1,0.0019279,0.0037288,0.0035167,0.0029673,0.0038649,,,
25.873,11.677,28.123,34.328,15.625,6.25,2.5,1,0.001907,0.0037974,0.0041404,0.0029306,0.0037889,,,
6.604,58.069,14.58,20.748,5.832,3.24,1.8,1,0.0021122,0.0052086,0.0035337,0.0078757,0.0214038,,,
11.535,25.498,45.969,16.999,3.025,2.75,2.5,1,0.0024195,0.0091562,0.0073668,0.005532,0.0164593,,,
37.04,31.836,13.747,17.377,6.875,6.25,2.5,1,0.0020925,0.0032117,0.0037712,0.0051388,0.0066942,,,
29.698,28.327,9.079,32.896,1.331,1.21,1.1,1,0.0019598,0.0040311,0.0033221,0.0042046,0.0039525,,,
26.728,2.092,25.626,45.554,3.025,2.75,2.5,1,0.0018056,0.0031904,0.0037897,0.0042382,0.0041244,,,
34.847,29.616,32.259,3.278,3.025,2.75,1.1,1,0.0022021,0.0043079,0.0033858,0.0069589,0.0040938,,,
18.081,17.292,28.446,36.182,6.875,2.75,1.1,1,0.0020087,0.0034894,0.0031183,0.0054004,0.0041152,,,
8.723,8.137,38.649,44.491,3.025,2.75,2.5,1,0.0020173,0.003797,0.0179621,0.0142943,0.052939,,,
19.754,40.383,16.533,23.33,6.875,2.75,2.5,1,0.0018603,0.0037337,0.0346379,0.0574909,0.2370041,,,
14.864,5.008,38.395,41.733,3.025,1.21,1.1,1,0.0021343,0.0046,0.0037823,0.0045253,0.0042278,,,
25.241,43.723,11.393,19.643,1.331,1.21,1.1,1,0.0019608,0.004192,0.0054681,0.0040698,0.0038462,,,
4.843,8.885,43.136,43.136,6.875,6.25,2.5,1,0.0019093,0.0048709,0.0037176,0.0039813,0.0034453,,,
37.071,35.481,10.255,17.192,6.875,2.75,1.1,1,0.0021176,0.0029224,0.0034546,0.0031321,0.0037342,,,
48.192,7.862,18.833,25.114,3.025,1.21,1.1,1,0.0033996,0.0029788,0.0032894,0.0031972,0.003853,,,
5.294,19.748,50.834,24.125,5.832,3.24,1.8,1,0.0020374,0.0030206,0.0040329,0.0030577,0.0032665,,,
26.761,20.301,24.325,28.614,3.025,2.75,2.5,1,0.0020057,0.0031551,0.0035705,0.0072472,0.0036858,,,
4.011,6.846,3.566,85.577,3.025,1.21,1.1,1,0.0153889,0.0032879,0.0038444,0.0035453,0.0049704,,,
54.656,5.46,23.635,16.249,6.875,6.25,2.5,1,0.0021449,0.0028667,0.0033325,0.0032971,0.0043596,,,
25.43,10.0,5.5,59.07,15.625,6.25,2.5,1,0.0019505,0.0038766,0.0042343,0.0031088,0.0034824,,,
38.774,33.003,19.897,8.326,15.625,6.25,2.5,1,0.0019885,0.0040397,0.0032873,0.0039651,0.0039813,,,
33.698,32.655,9.139,24.508,5.832,3.24,1.8,1,0.0021075,0.0036117,0.003325,0.0056524,0.0109695,,,
40.486,24.089,33.401,2.024,6.875,2.75,1.1,1,0.0019902,0.0033864,0.0036633,0.0034168,0.0043081,,,
27.194,26.261,27.201,19.345,5.832,3.24,1.8,1,0.0018,0.0090501,0.0044944,0.0110571,0.0035703,,,
51.976,24.783,4.797,18.445,15.625,6.25,2.5,1,0.0018613,0.0032493,0.0032521,0.0047398,0.0040708,,,
35.162,41.022,19.568,4.249,3.025,2.75,2.5,1,0.0021319,0.0033159,0.0032112,0.0064448,0.0038333,,,
22.123,24.489,29.267,24.121,6.875,6.25,2.5,1,0.0019596,0.0033535,0.0039126,0.0042576,0.0058464,,,
67.006,3.559,3.05,26.385,3.025,2.75,1.1,1,0.0019821,0.0033432,0.0038878,0.0033522,0.0046744,,,
16.157,42.944,13.508,27.391,3.025,2.75,2.5,1,0.0018986,0.0031252,0.0044081,0.0053419,0.089433,,,
5.63,34.582,19.212,40.576,3.025,2.75,1.1,1,0.002009,0.0036146,0.0046561,0.003135,0.0038056,,,
20.72,23.72,34.1,21.46,6.875,2.75,1.1,1,0.0019306,0.0032499,0.0035018,0.0031185,0.0040284,,,
7.38,41.538,4.756,46.326,6.875,2.75,2.5,1,0.002069,0.0041636,0.0351683,0.0569974,0.219835,,,
20.502,42.176,15.647,21.674,3.025,2.75,2.5,1,0.0157103,0.0035519,0.0043819,0.0049763,0.0135164,,,
16.821,29.194,25.386,28.599,3.025,1.21,1.1,1,0.0019911,0.00352,0.0037401,0.0031409,0.0038201,,,
32.706,27.303,12.555,27.436,3.025,1.21,1.1,1,0.0020151,0.0033954,0.0038808,0.0033044,0.0042614,,,
39.641,29.547,13.988,16.824,5.832,3.24,1.8,1,0.0020126,0.0031767,0.0031753,0.0046997,0.0135792,,,
34.895,37.456,15.503,12.145,3.025,2.75,2.5,1,0.0020732,0.0033489,0.003162,0.0100343,0.0038584,,,
7.75,27.106,26.397,38.748,3.025,2.75,1.1,1,0.0019218,0.0037646,0.0033853,0.0032879,0.0037694,,,
3.675,46.876,25.891,23.558,3.025,1.21,1.1,1,0.0020953,0.0044834,0.0053917,0.0064014,0.0165292,,,
31.673,22.111,10.817,35.399,3.025,2.75,2.5,1,0.002049,0.0033771,0.0034413,0.0078834,0.0039906,,,
25.019,27.999,23.254,23.728,6.875,6.25,2.5,1,0.0019885,0.0034501,0.0038037,0.0040911,0.0037245,,,
20.515,2.148,30.55,46.787,3.025,2.75,2.5,1,0.0018688,0.0039474,0.0051801,0.0129713,0.016667,,,
45.725,30.153,20.772,3.35,5.832,3.24,1.8,1,0.0018943,0.0032321,0.0031675,0.0051249,0.0136214,,,
24.729,24.729,24.363,26.18,5.832,3.24,1.8,1,0.0019933,0.0099195,0.0057681,0.0087199,0.0041299,,,
14.829,16.574,8.723,59.874,1.331,1.21,1.1,1,0.0019502,0.0028115,0.0097598,0.0034304,0.0040243,,,
38.621,49.329,4.537,7.513,6.875,2.75,2.5,1,0.0019929,0.0041094,0.0080797,0.0404615,0.2638275,,,
4.914,21.384,3.931,69.772,3.025,2.75,1.1,1,0.0018914,0.0028611,0.0032674,0.0036221,0.0044087,,,
2.483,20.73,15.323,61.464,5.832,3.24,1.8,1,0.0022549,0.0032631,0.004902,0.0028011,0.0033568,,,
6.326,24.25,34.102,35.321,5.832,3.24,1.8,1,0.0019163,0.002911,0.0046509,0.0029705,0.0032583,,,
8.34,57.5,20.6,13.56,1.331,1.21,1.1,1,0.0020342,0.0033321,0.010493,0.0045321,0.0121315,,,
62.5,10.0,12.21,15.29,3.025,1.21,1.1,1,0.0019598,0.0033602,0.0032423,0.003507,0.0038855,,,
25.062,18.074,31.801,25.062,3.025,1.21,1.1,1,0.0021621,0.0042155,0.003258,0.0034829,0.0040104,,,
19.091,12.37,34.005,34.533,3.025,2.75,1.1,1,0.0018988,0.0033554,0.0034028,0.003263,0.0040083,,,
19.147,35.048,25.603,20.202,3.025,2.75,2.5,1,0.0018726,0.0038685,0.0042055,0.0054625,0.0556366,,,
9.022,9.496,70.37,11.111,6.875,2.75,2.5,1,0.0018334,0.0042877,0.0136407,0.0074942,0.0862352,,,
22.737,25.74,22.737,28.785,6.875,2.75,1.1,1,0.0021295,0.0032937,0.0035548,0.0031922,0.0042246,,,
27.037,25.394,11.887,35.682,6.875,6.25,2.5,1,0.0019415,0.0030918,0.0040324,0.0045364,0.0037609,,,
30.698,30.233,21.395,17.674,1.331,1.21,1.1,1,0.0018913,0.0046869,0.0094777,0.0042995,0.0038429,,,
9.01,29.12,29.79,32.081,6.875,2.75,2.5,1,0.002005,0.0069212,0.0523446,0.0431824,0.0105012,,,
9.02,55.956,21.904,13.12,6.875,2.75,1.1,1,0.0021001,0.0029656,0.0037103,0.0031433,0.0040629,,,
24.566,6.053,24.566,44.815,6.875,6.25,2.5,1,0.00209,0.0036648,0.0030765,0.0041672,0.0036538,,,
25.0,50.15,7.5,17.35,5.832,3.24,1.8,1,0.0020109,0.0037156,0.0050949,0.0059566,0.03324,,,
17.778,37.632,14.642,29.949,3.025,2.75,2.5,1,0.0020222,0.0031899,0.0044547,0.0053037,0.034209,,,
22.24,30.0,11.48,36.28,3.025,2.75,1.1,1,0.0019844,0.003638,0.0041069,0.0069905,0.0045704,,,
22.594,7.445,32.541,37.421,5.832,3.24,1.8,1,0.0020547,0.0039001,0.0041791,0.0027465,0.0034136,,,
23.316,25.436,25.083,26.165,15.625,6.25,2.5,1,0.0018345,0.0168259,0.0031643,0.0028352,0.0035221,,,
21.204,31.03,16.802,30.964,6.875,2.75,2.5,1,0.0019434,0.0040446,0.041188,0.018324,0.2338704,,,
26.662,3.519,33.255,36.564,3.025,2.75,2.5,1,0.001972,0.0048898,0.0057662,0.0058026,0.0125588,,,
5.653,28.597,31.148,34.602,15.625,6.25,2.5,1,0.0019305,0.0029465,0.0042326,0.0027607,0.0034369,,,
30.564,9.016,29.153,31.267,6.875,2.75,1.1,1,0.0020582,0.0032219,0.0034331,0.0032812,0.0040691,,,
12.936,80.539,3.48,3.045,6.875,2.75,2.5,1,0.0019342,0.0050012,0.00754,0.0415459,0.2744732,,,
24.814,35.778,7.778,31.63,1.331,1.21,1.1,1,0.0020876,0.003965,0.0060823,0.0043265,0.0039947,,,
22.14,33.65,3.55,40.66,3.025,2.75,2.5,1,0.0019624,0.0029145,0.0032124,0.0070329,0.0040444,,,
24.286,23.463,39.586,12.665,6.875,2.75,1.1,1,0.0022475,0.0034897,0.0035289,0.0031125,0.004106,,,
38.46,5.23,25.43,30.88,6.875,2.75,1.1,1,0.0020234,0.0026605,0.0032764,0.0032632,0.0040504,,,
21.918,39.041,22.603,16.438,3.025,1.21,1.1,1,0.0020973,0.0077804,0.0061112,0.0048875,0.0124041,,,
27.305,2.979,61.23,8.486,6.875,6.25,2.5,1,0.0019323,0.0036371,0.0034906,0.0033431,0.0038527,,,
16.414,28.619,31.171,23.797,3.025,2.75,1.1,1,0.0019383,0.0041297,0.004134,0.0029186,0.0037717,,,
19.906,27.014,21.779,31.301,6.875,2.75,1.1,1,0.0019572,0.0048635,0.0031626,0.0031208,0.0042053,,,
29.12,23.523,32.185,15.172,15.625,6.25,2.5,1,0.001824,0.0037726,0.0031636,0.0030297,0.0159542,,,
2.651,14.911,19.715,62.724,3.025,2.75,2.5,1,0.0021427,0.0040401,0.0137356,0.00546,0.1093457,,,
19.753,28.395,38.889,12.963,3.025,2.75,2.5,1,0.0019669,0.0074907,0.0065951,0.0052062,0.0586145,,,
12.908,46.956,33.26,6.876,5.832,3.24,1.8,1,0.0018372,0.0058102,0.0036126,0.0047309,0.0035923,,,
30.625,23.489,17.417,28.469,3.025,1.21,1.1,1,0.0019107,0.0029908,0.0038197,0.0034446,0.004294,,,
20.795,35.419,3.649,40.137,15.625,6.25,2.5,1,0.0021118,0.0035068,0.004079,0.0049604,0.0485552,,,
31.027,29.707,18.484,20.782,6.875,2.75,2.5,1,0.0018622,0.0038007,0.0318871,0.0165713,0.224005,,,
19.7,10.3,26.1,43.9,1.331,1.21,1.1,1,0.0018905,0.003438,0.0050626,0.0031649,0.003754,,,
15.936,45.004,30.271,8.788,1.331,1.21,1.1,1,0.0020565,0.0041497,0.005781,0.0062188,0.0151411,,,
7.948,39.486,46.52,6.047,15.625,6.25,2.5,1,0.0020282,0.003126,0.0036105,0.0030189,0.0036892,,,
7.5,38.44,6.96,47.1,6.875,6.25,2.5,1,0.0019774,0.002966,0.003431,0.0042242,0.0036058,,,
13.094,38.696,9.523,38.687,5.832,3.24,1.8,1,0.0021843,0.0040605,0.0048826,0.0053471,0.0157383,,,
25.07,41.54,22.55,10.84,3.025,1.21,1.1,1,0.002022,0.0053386,0.0065691,0.0158595,0.2834667,,,
27.31,5.1,36.23,31.36,6.875,6.25,2.5,1,0.0019874,0.0037666,0.0032478,0.0031922,0.003596,,,
19.547,30.002,35.517,14.934,15.625,6.25,2.5,1,0.0019446,0.0037855,0.0031383,0.0027797,0.0034073,,,
3.33,42.619,42.397,11.654,5.832,3.24,1.8,1,0.0018954,0.0029622,0.0033363,0.0029813,0.0038291,,,
22.14,25.07,25.25,27.54,5.832,3.24,1.8,1,0.0023266,0.0094678,0.0050903,0.0029461,0.0034777,,,
39.471,20.592,27.841,12.097,6.875,6.25,2.5,1,0.0019754,0.0036102,0.0033046,0.0041013,0.0038745,,,
42.5,34.1,17.5,5.9,6.875,2.75,2.5,1,0.0018817,0.0038035,0.0140897,0.0552693,0.2240148,,,
28.889,7.637,44.315,19.16,15.625,6.25,2.5,1,0.0019936,0.0032534,0.0033371,0.0031508,0.0039431,,,
23.929,21.239,32.632,22.2,3.025,2.75,1.1,1,0.0023046,0.0038478,0.0035783,0.0029229,0.0039457,,,
54.792,13.91,3.529,27.77,6.875,6.25,2.5,1,0.0019329,0.0027457,0.0032568,0.0042645,0.004308,,,
10.79,36.23,36.23,16.75,15.625,6.25,2.5,1,0.0019244,0.0028753,0.0152255,0.0031075,0.0036062,,,
14.419,8.822,31.162,45.597,6.875,2.75,2.5,1,0.001934,0.0040315,0.0512896,0.0172762,0.2257771,,,
2.796,16.126,55.841,25.236,6.875,2.75,1.1,1,0.0019713,0.0027583,0.0037496,0.0030218,0.0042382,,,
17.38,16.73,49.37,16.52,3.025,1.21,1.1,1,0.0020248,0.0053391,0.003347,0.0030158,0.0039284,,,
23.697,31.961,13.452,30.891,3.025,2.75,2.5,1,0.0018902,0.0034896,0.0032138,0.0051293,0.00375,,,
12.63,6.781,46.851,33.738,3.025,2.75,1.1,1,0.0020027,0.0027494,0.0035321,0.0030279,0.0044412,,,
22.356,25.7,13.747,38.198,3.025,2.75,2.5,1,0.0020838,0.0032857,0.0033398,0.0053066,0.0038703,,,
49.78,5.7,33.65,10.87,3.025,2.75,2.5,1,0.0019938,0.0033556,0.003323,0.0049388,0.0039799,,,
36.928,16.069,18.22,28.783,6.875,6.25,2.5,1,0.0021534,0.003333,0.0033851,0.0040671,0.0036001,,,
39.508,29.343,14.382,16.767,5.832,3.24,1.8,1,0.0020209,0.003186,0.0030934,0.0051073,0.0131041,,,
47.035,7.21,43.573,2.182,15.625,6.25,2.5,1,0.0018233,0.0028311,0.0032331,0.0030147,0.0036732,,,
26.512,33.627,34.309,5.552,6.875,2.75,1.1,1,0.0020232,0.0028193,0.0036678,0.0031266,0.0045584,,,
65.998,3.394,26.399,4.209,6.875,2.75,1.1,1,0.0021004,0.0037619,0.0034595,0.0031021,0.0040417,,,
24.24,22.076,23.971,29.713,5.832,3.24,1.8,1,0.0018891,0.0088283,0.0047036,0.0029674,0.0033732,,,
49.37,11.12,5.1,34.41,3.025,1.21,1.1,1,0.001924,0.0029449,0.0035044,0.0031899,0.0040182,,,
54.17,22.14,5.5,18.19,5.832,3.24,1.8,1,0.0021662,0.0032705,0.0029752,0.0046674,0.0034872,,,
16.73,42.5,35.06,5.71,3.025,2.75,1.1,1,0.0020572,0.0049564,0.0040634,0.00848,0.00407,,,
42.152,24.071,3.287,30.49,3.025,2.75,1.1,1,0.0019687,0.0031783,0.0031316,0.0084899,0.0043042,,,
45.903,26.566,13.765,13.765,3.025,1.21,1.1,1,0.001935,0.0045501,0.005931,0.0052225,0.259377,,,
46.213,24.279,9.503,20.006,6.875,6.25,2.5,1,0.0021568,0.0029334,0.003472,0.0050601,0.0038441,,,
45.953,4.837,44.121,5.089,6.875,6.25,2.5,1,0.0019395,0.0032402,0.0031421,0.0032609,0.0058726,,,
27.5,3.55,25.25,43.7,1.331,1.21,1.1,1,0.0018244,0.0026952,0.005314,0.003267,0.0035579,,,
20.551,39.34,3.706,36.404,3.025,2.75,2.5,1,0.0023328,0.0034022,0.0033562,0.0055815,0.004129,,,
11.817,25.246,35.439,27.498,15.625,6.25,2.5,1,0.0033947,0.0029935,0.0035148,0.0029386,0.003534,,,
3.146,39.326,3.596,53.933,3.025,1.21,1.1,1,0.0022191,0.0029959,0.0031489,0.0030201,0.0041693,,,
13.112,35.488,10.002,41.398,6.875,2.75,2.5,1,0.0018596,0.0040037,0.032431,0.0438634,0.2308579,,,
34.328,23.881,2.985,38.806,3.025,2.75,2.5,1,0.0020313,0.0029016,0.0031248,0.0060817,0.003779,,,
4.083,42.815,8.215,44.887,5.832,3.24,1.8,1,0.0023585,0.0052958,0.0045853,0.0123203,0.0232279,,,
25.43,35.0,25.49,14.08,6.875,2.75,1.1,1,0.0019055,0.0029262,0.0033982,0.0032782,0.0046886,,,
16.73,16.06,56.76,10.45,5.832,3.24,1.8,1,0.0019754,0.007045,0.0034018,0.0030584,0.0034239,,,
28.704,15.821,32.716,22.759,6.875,2.75,1.1,1,0.0020203,0.0030647,0.0033789,0.0030654,0.0044823,,,
45.07,7.476,24.336,23.119,5.832,3.24,1.8,1,0.0018296,0.0042177,0.004059,0.0029014,0.0036045,,,
33.665,47.094,16.819,2.422,3.025,1.21,1.1,1,0.0019932,0.0044816,0.0106767,0.0108895,0.0718572,,,
40.0,9.7,37.5,12.8,3.025,2.75,1.1,1,0.0020154,0.0041139,0.0036545,0.0033974,0.0040301,,,
20.452,25.224,27.738,26.587,6.875,2.75,1.1,1,0.0021198,0.0031045,0.0032093,0.0031564,0.0038358,,,
32.413,8.365,32.56,26.662,5.832,3.24,1.8,1,0.0019567,0.0041028,0.0043366,0.002916,0.0035704,,,
35.136,4.753,35.088,25.023,3.025,1.21,1.1,1,0.002045,0.0044272,0.0038086,0.0034638,0.0040696,,,
21.337,2.721,58.347,17.595,5.832,3.24,1.8,1,0.0021264,0.0029181,0.0043903,0.0027807,0.0036929,,,
15.914,6.407,18.419,59.261,3.025,1.21,1.1,1,0.0021215,0.0031954,0.0033665,0.0034448,0.0041054,,,
23.966,34.016,37.899,4.12,1.331,1.21,1.1,1,0.0019137,0.0039197,0.0033099,0.0044912,0.0109132,,,
30.368,15.058,9.702,44.872,3.025,2.75,2.5,1,0.0021305,0.0032745,0.0034175,0.0083639,0.0041032,,,
24.188,24.682,25.364,25.766,1.331,1.21,1.1,1,0.0021434,0.0044622,0.0041542,0.0043973,0.0035252,,,
16.191,17.779,28.292,37.738,6.875,6.25,2.5,1,0.0020355,0.0036537,0.0031966,0.0038926,0.0036456,,,
5.198,40.449,38.349,16.004,3.025,2.75,1.1,1,0.0018418,0.0031611,0.004223,0.003128,0.0037461,,,
15.275,25.004,21.271,38.45,1.331,1.21,1.1,1,0.0019667,0.0044132,0.005602,0.0086997,0.0039356,,,
15.978,38.281,4.318,41.424,1.331,1.21,1.1,1,0.0019857,0.0039358,0.0054324,0.0074005,0.0039027,,,
10.0,12.5,25.0,52.5,15.625,6.25,2.5,1,0.0019343,0.002952,0.0040812,0.0027555,0.0032984,,,
52.5,12.21,25.0,10.29,1.331,1.21,1.1,1,0.0023408,0.0041381,0.0047962,0.0093751,0.0039198,,,
8.22,34.603,16.889,40.288,6.875,2.75,1.1,1,0.0019894,0.0027625,0.0032501,0.0030723,0.0039887,,,
23.768,10.686,29.743,35.802,3.025,1.21,1.1,1,0.0018733,0.0029102,0.0032226,0.0031344,0.0040499,,,
18.513,37.04,22.794,21.654,6.875,2.75,1.1,1,0.0020847,0.0028687,0.0033792,0.0033871,0.0187143,,,
21.37,17.5,47.45,13.68,3.025,2.75,2.5,1,0.0019711,0.0079715,0.0079766,0.0050996,0.0134562,,,
17.892,5.651,31.249,45.208,6.875,6.25,2.5,1,0.0019146,0.0032497,0.0031643,0.0042044,0.0036185,,,
26.062,24.688,26.95,22.3,6.875,6.25,2.5,1,0.0020718,0.0030034,0.0036615,0.0040185,0.0037671,,,
49.78,16.73,11.12,22.37,3.025,2.75,1.1,1,0.0019112,0.0036577,0.0032444,0.0076769,0.0044808,,,
40.159,18.24,3.713,37.889,3.025,2.75,2.5,1,0.0020664,0.0033702,0.0044851,0.0078703,0.0038365,,,
25.07,21.42,5.5,48.01,3.025,2.75,1.1,1,0.0020798,0.0038988,0.0033897,0.0031623,0.0043239,,,
11.963,4.35,61.493,22.194,5.832,3.24,1.8,1,0.0019816,0.0032903,0.0039715,0.0027347,0.0034088,,,
11.613,42.963,43.41,2.014,5.832,3.24,1.8,1,0.0019073,0.0041892,0.0040559,0.0084995,0.0036249,,,
52.205,8.848,21.25,17.697,15.625,6.25,2.5,1,0.0019152,0.0033775,0.0030993,0.0028377,0.0033591,,,
27.31,22.14,8.34,42.21,3.025,1.21,1.1,1,0.001888,0.002973,0.0034967,0.0033973,0.0040558,,,
41.699,9.773,34.35,14.178,6.875,6.25,2.5,1,0.0020624,0.0036444,0.0032507,0.0033211,0.0168894,,,
30.962,23.091,21.028,24.919,3.025,1.21,1.1,1,0.0020839,0.003272,0.0038541,0.0032326,0.0040639,,,
8.032,41.305,11.238,39.425,6.875,2.75,1.1,1,0.0021319,0.0027662,0.0032633,0.0031023,0.0037459,,,
13.68,11.123,46.508,28.69,3.025,2.75,2.5,1,0.0019136,0.0037778,0.0172597,0.0154488,0.0445194,,,
18.838,6.662,32.479,42.02,3.025,2.75,1.1,1,0.0020397,0.0036343,0.0160978,0.0035696,0.004455,,,
12.21,12.21,64.25,11.33,6.875,2.75,1.1,1,0.0020976,0.0030559,0.0038586,0.0032857,0.0045553,,,
34.747,16.405,14.922,33.926,5.832,3.24,1.8,1,0.0019426,0.0041468,0.0041846,0.0051554,0.0034043,,,
41.886,18.841,9.519,29.754,6.875,2.75,2.5,1,0.001811,0.0047848,0.0126918,0.0466844,0.2059754,,,
2.553,62.879,14.619,19.949,1.331,1.21,1.1,1,0.0024443,0.0033269,0.0043804,0.0034974,0.0119814,,,
19.11,37.747,24.034,19.11,3.025,2.75,1.1,1,0.002034,0.0044432,0.00434,0.0088525,0.0041487,,,
17.473,25.602,16.79,40.135,3.025,2.75,1.1,1,0.0019906,0.0037201,0.0043724,0.0031678,0.0037949,,,
25.068,20.135,27.083,27.713,6.875,6.25,2.5,1,0.0019878,0.0035944,0.0033637,0.004591,0.0039089,,,
11.294,18.815,52.939,16.952,3.025,1.21,1.1,1,0.0022838,0.0056783,0.0033391,0.0033532,0.0038514,,,
35.217,43.187,16.434,5.163,6.875,2.75,2.5,1,0.0019576,0.0040146,0.015605,0.0421861,0.2945764,,,
30.77,21.474,26.323,21.433,6.875,6.25,2.5,1,0.0019299,0.0034281,0.0031877,0.0041161,0.0039204,,,
35.985,5.792,23.773,34.449,1.331,1.21,1.1,1,0.0019729,0.0044483,0.0059915,0.0032629,0.0039593,,,
24.197,36.432,11.615,27.756,6.875,6.25,2.5,1,0.002031,0.002966,0.0044457,0.0044682,0.0036507,,,
46.536,17.797,3.331,32.337,6.875,6.25,2.5,1,0.0019446,0.0027431,0.0031168,0.0051222,0.0042425,,,
42.5,12.5,11.48,33.52,6.875,6.25,2.5,1,0.0018882,0.0027072,0.003169,0.0169711,0.0039126,,,
34.341,36.77,18.139,10.75,3.025,1.21,1.1,1,0.0025744,0.0049033,0.0060425,0.0144839,0.1052595,,,
29.978,31.043,13.347,25.632,6.875,6.25,2.5,1,0.0020441,0.0030202,0.003807,0.0044973,0.0041023,,,
17.38,8.34,21.75,52.53,6.875,6.25,2.5,1,0.0019551,0.0033673,0.003158,0.0042741,0.003754,,,
25.472,57.056,2.62,14.852,6.875,6.25,2.5,1,0.0020138,0.0180076,0.0043838,0.0054421,0.0042856,,,
12.67,28.112,28.933,30.285,6.875,6.25,2.5,1,0.0020455,0.0033095,0.003943,0.0040636,0.0037581,,,
17.068,12.825,48.382,21.725,3.025,2.75,1.1,1,0.0022492,0.0037751,0.0038535,0.0036574,0.0048992,,,
16.06,17.38,54.17,12.39,6.875,2.75,2.5,1,0.0022209,0.0043539,0.0542616,0.0190322,0.323201,,,
29.198,20.452,30.948,19.402,6.875,2.75,1.1,1,0.0020535,0.0031248,0.0040371,0.0035477,0.0041854,,,
10.817,43.868,12.264,33.051,6.875,2.75,1.1,1,0.0022296,0.0029179,0.003469,0.0032933,0.0045754,,,
12.881,38.642,38.217,10.26,6.875,2.75,1.1,1,0.0021339,0.0028571,0.0034424,0.0032722,0.0040909,,,
27.31,34.8,10.79,27.1,1.331,1.21,1.1,1,0.0018915,0.0036214,0.0032787,0.0043342,0.0037522,,,
19.96,30.053,33.499,16.488,15.625,6.25,2.5,1,0.0020315,0.0042003,0.0031426,0.0028925,0.0036227,,,
17.218,41.962,31.479,9.342,5.832,3.24,1.8,1,0.0018337,0.0048566,0.0036177,0.005019,0.0036406,,,
12.21,35.06,49.78,2.95,15.625,6.25,2.5,1,0.0020791,0.0031919,0.003785,0.0029235,0.0040122,,,
29.224,21.461,32.877,16.438,1.331,1.21,1.1,1,0.0020681,0.0044758,0.0050127,0.0043909,0.0038889,,,
2.692,34.453,27.864,34.991,3.025,2.75,1.1,1,0.0019229,0.0028794,0.004478,0.0030067,0.0039081,,,
24.833,34.167,2.069,38.931,3.025,2.75,1.1,1,0.002025,0.0040812,0.0042292,0.0064672,0.0043643,,,
28.527,2.639,53.752,15.082,1.331,1.21,1.1,1,0.0020267,0.0050248,0.0059255,0.0036918,0.0043901,,,
7.886,2.629,7.886,81.598,3.025,1.21,1.1,1,0.0021018,0.0040376,0.0031903,0.0032459,0.0045451,,,
24.439,23.534,23.534,28.494,1.331,1.21,1.1,1,0.0018596,0.0037786,0.0045235,0.004359,0.0037591,,,
45.565,12.194,22.503,19.738,6.875,2.75,2.5,1,0.0019122,0.0039322,0.0431192,0.0353473,0.173263,,,
24.63,31.915,33.057,10.398,5.832,3.24,1.8,1,0.0022053,0.009347,0.0038896,0.0093658,0.0037472,,,
21.12,23.775,34.183,20.922,3.025,1.21,1.1,1,0.0021119,0.0037254,0.0035709,0.0048389,0.0040574,,,
49.308,22.262,23.948,4.483,3.025,2.75,2.5,1,0.0023203,0.0043142,0.003375,0.0076752,0.003805,,,
34.462,36.524,9.265,19.749,6.875,6.25,2.5,1,0.0020315,0.0026304,0.0035964,0.0055461,0.003865,,,
35.402,32.094,13.799,18.704,6.875,2.75,2.5,1,0.0019616,0.0053919,0.0169798,0.0399442,0.2340069,,,
6.471,11.101,44.791,37.636,15.625,6.25,2.5,1,0.0020721,0.0031305,0.0041247,0.002847,0.0032001,,,
4.017,31.664,31.829,32.489,5.832,3.24,1.8,1,0.0019209,0.0030934,0.0046258,0.0029529,0.0033095,,,
28.568,34.061,28.122,9.249,3.025,2.75,2.5,1,0.0022994,0.0034524,0.004318,0.0076094,0.0358948,,,
8.021,68.182,3.743,20.053,1.331,1.21,1.1,1,0.0021049,0.0036186,0.0060913,0.0042762,0.0061396,,,
35.06,49.37,12.5,3.07,5.832,3.24,1.8,1,0.0019818,0.0035287,0.003473,0.005287,0.0099995,,,
25.957,22.691,12.076,39.277,15.625,6.25,2.5,1,0.0018746,0.0037956,0.0031459,0.003965,0.0035598,,,
37.134,10.079,26.99,25.796,5.832,3.24,1.8,1,0.0022028,0.0046589,0.0047215,0.0031735,0.0038288,,,
3.671,29.897,45.885,20.548,3.025,2.75,1.1,1,0.002096,0.0032328,0.0035845,0.0031914,0.0040529,,,
37.622,31.961,18.216,12.201,3.025,2.75,2.5,1,0.0021277,0.0033217,0.0032746,0.0066715,0.003686,,,
14.64,4.122,29.704,51.534,6.875,2.75,2.5,1,0.016462,0.0041504,0.0523081,0.0082989,0.0541867,,,
25.486,11.956,37.503,25.055,1.331,1.21,1.1,1,0.0019409,0.0038342,0.0054936,0.0030796,0.0038376,,,
24.127,38.289,13.981,23.603,6.875,2.75,1.1,1,0.0019565,0.0029208,0.0032183,0.0030657,0.003878,,,
22.549,34.314,23.529,19.608,5.832,3.24,1.8,1,0.0019912,0.0090413,0.0049332,0.0100659,0.003686,,,
25.49,40.0,12.21,22.3,1.331,1.21,1.1,1,0.0021494,0.0043134,0.0052674,0.0042606,0.0038996,,,
28.167,27.79,38.41,5.633,3.025,2.75,1.1,1,0.0023151,0.004109,0.0042419,0.0079414,0.0041919,,,
21.75,36.23,25.49,16.53,15.625,6.25,2.5,1,0.0018859,0.0038356,0.0030208,0.0027619,0.0033867,,,
28.799,22.262,27.113,21.826,15.625,6.25,2.5,1,0.0019331,0.0041544,0.0032427,0.003022,0.0036291,,,
33.275,10.022,39.596,17.107,6.875,6.25,2.5,1,0.0020845,0.0036846,0.0033646,0.0041694,0.0036622,,,
19.589,8.936,41.157,30.318,3.025,2.75,2.5,1,0.0019512,0.003915,0.0141342,0.0106332,0.115546,,,
29.666,30.64,25.337,14.357,6.875,2.75,1.1,1,0.0019273,0.0028386,0.003315,0.015193,0.0041985,,,
28.44,28.985,39.215,3.36,3.025,2.75,1.1,1,0.0019608,0.0040615,0.0040661,0.0077559,0.0040713,,,
18.382,20.221,21.875,39.522,3.025,2.75,1.1,1,0.0020825,0.0051558,0.0037906,0.0031888,0.0037796,,,
27.669,20.555,31.221,20.555,3.025,1.21,1.1,1,0.0019162,0.0031901,0.0034495,0.0030598,0.0039594,,,
5.086,7.63,2.543,84.741,6.875,2.75,2.5,1,0.0019876,0.0330226,0.0383405,0.023292,0.1933464,,,
56.76,20.72,10.79,11.73,5.832,3.24,1.8,1,0.0019595,0.0029408,0.0030155,0.004314,0.0037523,,,
